annotationID,contig
ANELLO_1,SRR6316294_NODE_4_length_3022_cov_7.855410
ANELLO_2,SRR6316294_NODE_8_length_2755_cov_21.049630
ANELLO_3,SRR6316275_NODE_4_length_3102_cov_91.799147
ANELLO_4,SRR6316275_NODE_6_length_2994_cov_10.605308
ANELLO_5,SRR6316314_NODE_1_length_3858_cov_75.704444
ANELLO_6,SRR6316314_NODE_2_length_3794_cov_72.717037
ANELLO_7,SRR6316314_NODE_3_length_3151_cov_71.309432
ANELLO_8,SRR6316314_NODE_5_length_3113_cov_79.922825
ANELLO_9,SRR6316314_NODE_10_length_2592_cov_4.729602
ANELLO_10,SRR6316233_NODE_1_length_3778_cov_110.229922
ANELLO_11,SRR6316233_NODE_2_length_3743_cov_117.718547
ANELLO_12,SRR6316233_NODE_3_length_3611_cov_112.376547
ANELLO_13,SRR6316233_NODE_4_length_3596_cov_134.751483
ANELLO_14,SRR6316233_NODE_5_length_3582_cov_90.132974
ANELLO_15,SRR6316233_NODE_7_length_3413_cov_110.529184
ANELLO_16,SRR6316233_NODE_8_length_3352_cov_146.026388
ANELLO_17,SRR6316233_NODE_9_length_3127_cov_89.766602
ANELLO_18,SRR6316233_NODE_10_length_3051_cov_86.749666
ANELLO_19,SRR6316233_NODE_11_length_3042_cov_90.800803
ANELLO_20,SRR6316233_NODE_14_length_2973_cov_133.961960
ANELLO_21,SRR6316233_NODE_16_length_2950_cov_88.579620
ANELLO_22,SRR6316233_NODE_17_length_2944_cov_27.208030
ANELLO_23,SRR6316233_NODE_21_length_2872_cov_4.160454
ANELLO_24,SRR6316233_NODE_22_length_2871_cov_106.993963
ANELLO_25,SRR6316233_NODE_24_length_2862_cov_16.978269
ANELLO_26,SRR6316233_NODE_25_length_2851_cov_20.545422
ANELLO_27,SRR6316233_NODE_27_length_2807_cov_15.835756
ANELLO_28,SRR6316233_NODE_31_length_2549_cov_82.843224
ANELLO_29,SRR6316233_NODE_33_length_2339_cov_4.519264
ANELLO_30,SRR6316277_NODE_1_length_3761_cov_75.427955
ANELLO_31,SRR6316277_NODE_2_length_3643_cov_115.733835
ANELLO_32,SRR6316277_NODE_3_length_3531_cov_85.521001
ANELLO_33,SRR6316277_NODE_4_length_2985_cov_16.530034
ANELLO_34,SRR6316316_NODE_1_length_3749_cov_84.051976
ANELLO_35,SRR6316316_NODE_3_length_3631_cov_53.841163
ANELLO_36,SRR6316316_NODE_4_length_3598_cov_81.765171
ANELLO_37,SRR6316316_NODE_6_length_3358_cov_18.316379
ANELLO_38,SRR6316316_NODE_7_length_3332_cov_21.225511
ANELLO_39,SRR6316316_NODE_10_length_3053_cov_16.411941
ANELLO_40,SRR6316316_NODE_12_length_3044_cov_64.730679
ANELLO_41,SRR6316316_NODE_14_length_2929_cov_78.486430
ANELLO_42,SRR6316316_NODE_15_length_2904_cov_74.380835
ANELLO_43,SRR6316316_NODE_16_length_2903_cov_28.289677
ANELLO_44,SRR6316316_NODE_18_length_2764_cov_72.897010
ANELLO_45,SRR6316316_NODE_19_length_2575_cov_5.503175
ANELLO_46,SRR6316298_NODE_1_length_3764_cov_87.681046
ANELLO_47,SRR6316298_NODE_3_length_3596_cov_90.361197
ANELLO_48,SRR6316298_NODE_4_length_3566_cov_55.341213
ANELLO_49,SRR6316298_NODE_6_length_3473_cov_92.840257
ANELLO_50,SRR6316298_NODE_7_length_3327_cov_137.686736
ANELLO_51,SRR6316298_NODE_8_length_3223_cov_79.393308
ANELLO_52,SRR6316298_NODE_9_length_3215_cov_85.921203
ANELLO_53,SRR6316298_NODE_11_length_3105_cov_92.263934
ANELLO_54,SRR6316298_NODE_14_length_3064_cov_48.539050
ANELLO_55,SRR6316298_NODE_17_length_3010_cov_14.693063
ANELLO_56,SRR6316298_NODE_19_length_2905_cov_76.388070
ANELLO_57,SRR6316298_NODE_21_length_2730_cov_32.659439
ANELLO_58,SRR6316298_NODE_22_length_2627_cov_6.158631
ANELLO_59,SRR6316298_NODE_27_length_2366_cov_11.179576
ANELLO_60,SRR6316298_NODE_29_length_2310_cov_5.159645
ANELLO_61,SRR6316298_NODE_31_length_2106_cov_140.925402
ANELLO_62,SRR6316302_NODE_1_length_3757_cov_123.131821
ANELLO_63,SRR6316302_NODE_2_length_3616_cov_58.813255
ANELLO_64,SRR6316302_NODE_9_length_2881_cov_113.946921
ANELLO_65,SRR6316202_NODE_17_length_2692_cov_7.566932
ANELLO_66,SRR6316205_NODE_1_length_3699_cov_20.928375
ANELLO_67,SRR6316205_NODE_2_length_3489_cov_18.894001
ANELLO_68,SRR6316205_NODE_3_length_3314_cov_97.177355
ANELLO_69,SRR6316205_NODE_4_length_3072_cov_82.166722
ANELLO_70,SRR6316261_NODE_1_length_3767_cov_158.248384
ANELLO_71,SRR6316226_NODE_1_length_3629_cov_81.526021
ANELLO_72,SRR6316226_NODE_2_length_3554_cov_122.478422
ANELLO_73,SRR6316226_NODE_4_length_3523_cov_83.544983
ANELLO_74,SRR6316226_NODE_7_length_3067_cov_28.642098
ANELLO_75,SRR6316226_NODE_8_length_3000_cov_6.828183
ANELLO_76,SRR6316226_NODE_9_length_2979_cov_24.712722
ANELLO_77,SRR6316308_NODE_1_length_3653_cov_92.742079
ANELLO_78,SRR6316308_NODE_2_length_3557_cov_124.210737
ANELLO_79,SRR6316308_NODE_5_length_3222_cov_122.773919
ANELLO_80,SRR6316308_NODE_6_length_3218_cov_130.627885
ANELLO_81,SRR6316308_NODE_7_length_3193_cov_88.040472
ANELLO_82,SRR6316308_NODE_9_length_3148_cov_65.976398
ANELLO_83,SRR6316308_NODE_12_length_2925_cov_12.175610
ANELLO_84,SRR6316308_NODE_13_length_2807_cov_91.059230
ANELLO_85,SRR6316308_NODE_17_length_2380_cov_89.604731
ANELLO_86,SRR6316272_NODE_3_length_2950_cov_12.740933
ANELLO_87,SRR6316272_NODE_5_length_2482_cov_4.211372
ANELLO_88,SRR6316317_NODE_3_length_3825_cov_90.031034
ANELLO_89,SRR6316317_NODE_5_length_3189_cov_11.621570
ANELLO_90,SRR6316237_NODE_63_length_3686_cov_12.247039
ANELLO_91,SRR6316295_NODE_1_length_3576_cov_5.533939
ANELLO_92,SRR8862009_NODE_2_length_3775_cov_107.229301
ANELLO_93,SRR8862009_NODE_6_length_2966_cov_12.666438
ANELLO_94,SRR8862009_NODE_9_length_2556_cov_29.868053
ANELLO_95,SRR8862009_NODE_10_length_2525_cov_84.988259
ANELLO_96,SRR8862007_NODE_5_length_3884_cov_90.948028
ANELLO_97,SRR8862005_NODE_3_length_3338_cov_112.238197
ANELLO_98,SRR8862005_NODE_4_length_3312_cov_81.971446
ANELLO_99,SRR8862005_NODE_6_length_3030_cov_102.486723
ANELLO_100,SRR2037084_NODE_684_length_2958_cov_77.548054
ANELLO_101,SRR2037084_NODE_714_length_2902_cov_5.810678
ANELLO_102,SRR2037084_NODE_720_length_2896_cov_67.324182
ANELLO_103,SRR2037084_NODE_721_length_2893_cov_75.319239
ANELLO_104,SRR2037084_NODE_726_length_2882_cov_74.765122
ANELLO_105,SRR2037084_NODE_760_length_2822_cov_75.136249
ANELLO_106,SRR2037084_NODE_826_length_2622_cov_40.921698
ANELLO_107,SRR2037084_NODE_833_length_2603_cov_18.278650
ANELLO_108,SRR2037084_NODE_873_length_2515_cov_43.490650
ANELLO_109,SRR2037084_NODE_875_length_2512_cov_26.241758
ANELLO_110,SRR2037084_NODE_890_length_2494_cov_78.579336
ANELLO_111,SRR2037084_NODE_910_length_2464_cov_11.052304
ANELLO_112,SRR2037084_NODE_920_length_2451_cov_10.214107
ANELLO_113,SRR2037084_NODE_944_length_2415_cov_5.583475
ANELLO_114,SRR2037084_NODE_1055_length_2203_cov_98.026536
ANELLO_115,SRR2037084_NODE_1162_length_2021_cov_28.110376
ANELLO_116,SRR2037085_NODE_4266_length_3203_cov_53.845934
ANELLO_117,SRR2037085_NODE_4372_length_3153_cov_74.772111
ANELLO_118,SRR2037085_NODE_4404_length_3141_cov_104.983150
ANELLO_119,SRR2037085_NODE_4434_length_3133_cov_69.104288
ANELLO_120,SRR2037085_NODE_4450_length_3125_cov_64.572964
ANELLO_121,SRR2037085_NODE_4565_length_3081_cov_144.719762
ANELLO_122,SRR2037085_NODE_4574_length_3078_cov_86.622230
ANELLO_123,SRR2037085_NODE_4606_length_3064_cov_77.464939
ANELLO_124,SRR2037085_NODE_4619_length_3059_cov_78.301931
ANELLO_125,SRR2037085_NODE_4624_length_3058_cov_145.812521
ANELLO_126,SRR2037085_NODE_4750_length_3013_cov_111.043272
ANELLO_127,SRR2037085_NODE_4845_length_2980_cov_66.532650
ANELLO_128,SRR2037085_NODE_4897_length_2962_cov_124.964912
ANELLO_129,SRR2037085_NODE_4916_length_2957_cov_69.987595
ANELLO_130,SRR2037085_NODE_5010_length_2919_cov_41.754888
ANELLO_131,SRR2037085_NODE_5014_length_2918_cov_219.003842
ANELLO_132,SRR2037085_NODE_5033_length_2911_cov_17.017157
ANELLO_133,SRR2037085_NODE_5063_length_2900_cov_80.914236
ANELLO_134,SRR2037085_NODE_5068_length_2899_cov_48.067862
ANELLO_135,SRR2037085_NODE_5080_length_2895_cov_107.613380
ANELLO_136,SRR2037085_NODE_5108_length_2888_cov_141.575362
ANELLO_137,SRR2037085_NODE_5200_length_2857_cov_38.860457
ANELLO_138,SRR2037085_NODE_5212_length_2855_cov_8.978571
ANELLO_139,SRR2037085_NODE_5225_length_2850_cov_28.680501
ANELLO_140,SRR2037085_NODE_5233_length_2847_cov_86.829155
ANELLO_141,SRR2037085_NODE_5249_length_2843_cov_18.285868
ANELLO_142,SRR2037085_NODE_5287_length_2832_cov_109.884768
ANELLO_143,SRR2037085_NODE_5288_length_2832_cov_29.197695
ANELLO_144,SRR2037085_NODE_5332_length_2820_cov_10.998192
ANELLO_145,SRR2037085_NODE_5339_length_2819_cov_15.157019
ANELLO_146,SRR2037085_NODE_5358_length_2813_cov_5.227339
ANELLO_147,SRR2037085_NODE_5387_length_2804_cov_5.351401
ANELLO_148,SRR2037085_NODE_5390_length_2801_cov_51.262564
ANELLO_149,SRR2037085_NODE_5400_length_2799_cov_8.270773
ANELLO_150,SRR2037085_NODE_5412_length_2796_cov_21.256111
ANELLO_151,SRR2037085_NODE_5420_length_2795_cov_8.737956
ANELLO_152,SRR2037085_NODE_5455_length_2784_cov_8.034445
ANELLO_153,SRR2037085_NODE_5468_length_2777_cov_115.985305
ANELLO_154,SRR2037085_NODE_5488_length_2772_cov_12.227825
ANELLO_155,SRR2037085_NODE_5501_length_2767_cov_9.144174
ANELLO_156,SRR2037085_NODE_5570_length_2749_cov_32.576837
ANELLO_157,SRR2037085_NODE_5670_length_2718_cov_4.489673
ANELLO_158,SRR2037085_NODE_5740_length_2697_cov_3.995836
ANELLO_159,SRR2037085_NODE_5802_length_2678_cov_156.373618
ANELLO_160,SRR2037085_NODE_5809_length_2676_cov_78.545975
ANELLO_161,SRR2037085_NODE_5919_length_2647_cov_3.398534
ANELLO_162,SRR2037085_NODE_5950_length_2639_cov_9.782508
ANELLO_163,SRR2037085_NODE_5966_length_2634_cov_5.871656
ANELLO_164,SRR2037085_NODE_5981_length_2629_cov_6.550117
ANELLO_165,SRR2037085_NODE_6009_length_2623_cov_5.651480
ANELLO_166,SRR2037085_NODE_6060_length_2606_cov_15.236378
ANELLO_167,SRR2037085_NODE_6061_length_2606_cov_9.881615
ANELLO_168,SRR2037085_NODE_6154_length_2575_cov_86.354365
ANELLO_169,SRR2037085_NODE_6189_length_2566_cov_89.560733
ANELLO_170,SRR2037085_NODE_6234_length_2557_cov_13.670264
ANELLO_171,SRR2037085_NODE_6307_length_2539_cov_20.448068
ANELLO_172,SRR2037085_NODE_6325_length_2533_cov_82.897094
ANELLO_173,SRR2037085_NODE_6329_length_2533_cov_9.817595
ANELLO_174,SRR2037085_NODE_6331_length_2533_cov_4.297821
ANELLO_175,SRR2037085_NODE_6346_length_2528_cov_28.750910
ANELLO_176,SRR2037085_NODE_6375_length_2522_cov_87.752736
ANELLO_177,SRR2037085_NODE_6378_length_2522_cov_17.251723
ANELLO_178,SRR2037085_NODE_6389_length_2518_cov_60.569631
ANELLO_179,SRR2037085_NODE_6414_length_2511_cov_8.802932
ANELLO_180,SRR2037085_NODE_6425_length_2509_cov_136.266096
ANELLO_181,SRR2037085_NODE_6428_length_2509_cov_50.580277
ANELLO_182,SRR2037085_NODE_6436_length_2508_cov_5.874847
ANELLO_183,SRR2037085_NODE_6441_length_2507_cov_22.535889
ANELLO_184,SRR2037085_NODE_6450_length_2505_cov_5.317143
ANELLO_185,SRR2037085_NODE_6473_length_2500_cov_23.070348
ANELLO_186,SRR2037085_NODE_6479_length_2498_cov_67.277118
ANELLO_187,SRR2037085_NODE_6480_length_2498_cov_16.431437
ANELLO_188,SRR2037085_NODE_6491_length_2496_cov_30.374027
ANELLO_189,SRR2037085_NODE_6508_length_2493_cov_4.894586
ANELLO_190,SRR2037085_NODE_6513_length_2492_cov_9.802216
ANELLO_191,SRR2037085_NODE_6514_length_2492_cov_8.836274
ANELLO_192,SRR2037085_NODE_6531_length_2490_cov_103.070637
ANELLO_193,SRR2037085_NODE_6544_length_2489_cov_4.679951
ANELLO_194,SRR2037085_NODE_6545_length_2488_cov_67.781340
ANELLO_195,SRR2037085_NODE_6547_length_2488_cov_5.496917
ANELLO_196,SRR2037085_NODE_6552_length_2487_cov_5.763158
ANELLO_197,SRR2037085_NODE_6554_length_2486_cov_38.543809
ANELLO_198,SRR2037085_NODE_6559_length_2485_cov_53.960082
ANELLO_199,SRR2037085_NODE_6564_length_2484_cov_62.790449
ANELLO_200,SRR2037085_NODE_5107_length_2889_cov_9.442131
ANELLO_201,SRR2037085_NODE_5079_length_2896_cov_38.301302
ANELLO_202,SRR2037085_NODE_4706_length_3026_cov_76.340289
ANELLO_203,SRR2037085_NODE_6222_length_2560_cov_7.601996
ANELLO_204,SRR2037085_NODE_6385_length_2519_cov_9.820211
ANELLO_205,SRR2037085_NODE_6412_length_2512_cov_10.426536
ANELLO_206,SRR2037085_NODE_6426_length_2509_cov_86.914833
ANELLO_207,SRR2037085_NODE_6714_length_2459_cov_67.827787
ANELLO_208,SRR2037085_NODE_6710_length_2460_cov_31.163410
ANELLO_209,SRR2037085_NODE_6654_length_2469_cov_10.145816
ANELLO_210,SRR2037085_NODE_6653_length_2469_cov_15.634217
ANELLO_211,SRR2037085_NODE_6646_length_2470_cov_23.760248
ANELLO_212,SRR2037085_NODE_6645_length_2470_cov_68.151967
ANELLO_213,SRR2037085_NODE_6634_length_2473_cov_6.013648
ANELLO_214,SRR2037085_NODE_6631_length_2473_cov_21.275848
ANELLO_215,SRR2037085_NODE_6628_length_2473_cov_44.879653
ANELLO_216,SRR2037085_NODE_6621_length_2475_cov_9.333471
ANELLO_217,SRR2037085_NODE_6602_length_2478_cov_46.224928
ANELLO_218,SRR2037085_NODE_6427_length_2509_cov_72.072127
ANELLO_219,SRR2037085_NODE_6641_length_2471_cov_80.148179
ANELLO_220,SRR7166883_NODE_5_length_3768_cov_69.885537
ANELLO_221,SRR7166883_NODE_14_length_2147_cov_76.689293
ANELLO_222,SRR6316284_NODE_19_length_2502_cov_46.172047
ANELLO_223,SRR6316284_NODE_14_length_2737_cov_66.498509
ANELLO_224,SRR7167078_NODE_153_length_2464_cov_6.538813
ANELLO_225,SRR7167078_NODE_118_length_2845_cov_15.931900
ANELLO_226,SRR7167078_NODE_190_length_2097_cov_5.729187
ANELLO_227,SRR2037083_NODE_2170_length_2041_cov_3.985398
ANELLO_228,SRR2037083_NODE_2139_length_2064_cov_94.250373
ANELLO_229,SRR2037083_NODE_2195_length_2021_cov_40.004069
ANELLO_230,SRR2037083_NODE_2173_length_2039_cov_3.652722
ANELLO_231,SRR2037083_NODE_2093_length_2105_cov_13.169268
ANELLO_232,SRR2037083_NODE_1376_length_2843_cov_72.577475
ANELLO_233,SRR2037083_NODE_1604_length_2538_cov_141.161901
ANELLO_234,SRR2037083_NODE_1643_length_2510_cov_115.516090
ANELLO_235,SRR2037083_NODE_1661_length_2497_cov_11.817363
ANELLO_236,SRR2037083_NODE_1689_length_2478_cov_28.159719
ANELLO_237,SRR2037083_NODE_1708_length_2467_cov_15.182836
ANELLO_238,SRR2037083_NODE_1734_length_2446_cov_5.354245
ANELLO_239,SRR2037083_NODE_1760_length_2420_cov_87.813531
ANELLO_240,SRR2037083_NODE_1873_length_2295_cov_76.539286
ANELLO_241,SRR2037083_NODE_2013_length_2168_cov_86.958353
ANELLO_242,SRR2037083_NODE_2038_length_2150_cov_5.638186
ANELLO_243,SRR2037083_NODE_1696_length_2474_cov_13.606036
ANELLO_244,ERR1989828_NODE_605_length_3247_cov_15.901629
ANELLO_245,SRR2037083_NODE_1055_length_3506_cov_100.455810
ANELLO_246,SRR2037083_NODE_1207_length_3105_cov_177.622623
ANELLO_247,SRR2037083_NODE_1216_length_3083_cov_71.353699
ANELLO_248,SRR2037083_NODE_1225_length_3068_cov_111.693993
ANELLO_249,SRR2037083_NODE_1226_length_3067_cov_70.074037
ANELLO_250,SRR2037083_NODE_1237_length_3045_cov_47.034114
ANELLO_251,SRR2037083_NODE_1241_length_3039_cov_109.061997
ANELLO_252,SRR2037083_NODE_1247_length_3026_cov_31.711208
ANELLO_253,SRR2037083_NODE_1250_length_3025_cov_80.289562
ANELLO_254,SRR2037083_NODE_1253_length_3021_cov_7.262643
ANELLO_255,SRR2037083_NODE_1261_length_3010_cov_84.541117
ANELLO_256,SRR2037083_NODE_1286_length_2978_cov_120.912761
ANELLO_257,SRR2037083_NODE_1287_length_2975_cov_86.436644
ANELLO_258,SRR2037083_NODE_1289_length_2974_cov_69.824940
ANELLO_259,SRR2037083_NODE_1336_length_2912_cov_102.922296
ANELLO_260,SRR2037083_NODE_1340_length_2905_cov_80.092982
ANELLO_261,SRR2037083_NODE_1344_length_2897_cov_72.052780
ANELLO_262,SRR2037083_NODE_1351_length_2892_cov_19.944307
ANELLO_263,SRR2037083_NODE_1358_length_2883_cov_24.102546
ANELLO_264,SRR2037083_NODE_1373_length_2845_cov_5.214337
ANELLO_265,SRR2037083_NODE_1378_length_2841_cov_13.270280
ANELLO_266,SRR2037083_NODE_1414_length_2801_cov_8.129643
ANELLO_267,SRR2037083_NODE_1418_length_2795_cov_59.138321
ANELLO_268,SRR2037083_NODE_1433_length_2769_cov_39.274134
ANELLO_269,SRR2037083_NODE_1450_length_2739_cov_5.714232
ANELLO_270,SRR2037083_NODE_1469_length_2722_cov_5.415823
ANELLO_271,SRR2037083_NODE_1527_length_2634_cov_80.562233
ANELLO_272,SRR2037083_NODE_1542_length_2615_cov_7.861719
ANELLO_273,SRR2037083_NODE_1555_length_2595_cov_72.720079
ANELLO_274,SRR2037083_NODE_1579_length_2569_cov_24.115354
ANELLO_275,SRR2037083_NODE_1601_length_2540_cov_30.126358
ANELLO_276,SRR2037083_NODE_1605_length_2538_cov_73.684656
ANELLO_277,SRR2037083_NODE_1617_length_2528_cov_69.701981
ANELLO_278,SRR2037083_NODE_1656_length_2501_cov_4.233851
ANELLO_279,SRR2037083_NODE_1663_length_2496_cov_64.222040
ANELLO_280,SRR2037083_NODE_1670_length_2491_cov_40.349343
ANELLO_281,SRR2037083_NODE_1676_length_2484_cov_34.350350
ANELLO_282,SRR2037083_NODE_1680_length_2482_cov_23.366296
ANELLO_283,SRR2037083_NODE_1683_length_2481_cov_3.532564
ANELLO_284,SRR2037083_NODE_1685_length_2480_cov_9.928660
ANELLO_285,SRR2037083_NODE_1688_length_2478_cov_71.634750
ANELLO_286,SRR2037083_NODE_1690_length_2478_cov_19.981428
ANELLO_287,SRR2037083_NODE_1695_length_2474_cov_15.520050
ANELLO_288,SRR2037083_NODE_1697_length_2471_cov_6.011589
ANELLO_289,SRR2037083_NODE_1718_length_2457_cov_9.904246
ANELLO_290,SRR2037083_NODE_1768_length_2411_cov_4.941851
ANELLO_291,SRR2037083_NODE_1875_length_2295_cov_3.006250
ANELLO_292,SRR2037083_NODE_1969_length_2204_cov_9.981852
ANELLO_293,SRR2037083_NODE_2001_length_2178_cov_130.275553
ANELLO_294,SRR2037084_NODE_614_length_3233_cov_105.877911
ANELLO_295,SRR2037084_NODE_641_length_3105_cov_93.142295
ANELLO_296,SRR2037084_NODE_664_length_3035_cov_99.495638
ANELLO_297,SRR2037084_NODE_677_length_2987_cov_91.495907
ANELLO_298,SRR2037084_NODE_680_length_2981_cov_55.737867
ANELLO_299,SRR8862005_NODE_9_length_2980_cov_87.874530
ANELLO_300,SRR8862010_NODE_20_length_3880_cov_89.253072
ANELLO_301,SRR8862010_NODE_21_length_3815_cov_92.718883
ANELLO_302,SRR8862010_NODE_26_length_3249_cov_87.338134
ANELLO_303,SRR8862010_NODE_35_length_3002_cov_7.412962
ANELLO_304,SRR8862010_NODE_54_length_2554_cov_9.011605
ANELLO_305,SRR8862010_NODE_58_length_2516_cov_9.061357
ANELLO_306,SRR10951765_NODE_1097_length_3641_cov_4.242889
ANELLO_307,SRR10951765_NODE_1233_length_3284_cov_32.964076
ANELLO_308,SRR10951765_NODE_1316_length_3048_cov_12.163047
ANELLO_309,SRR10951765_NODE_1318_length_3045_cov_5.160201
ANELLO_310,SRR10951765_NODE_1335_length_2986_cov_6.943705
ANELLO_311,SRR10951765_NODE_1342_length_2970_cov_7.136535
ANELLO_312,SRR10951765_NODE_1348_length_2953_cov_22.181159
ANELLO_313,SRR10951765_NODE_1386_length_2856_cov_6.780079
ANELLO_314,SRR10951765_NODE_1409_length_2824_cov_3.586854
ANELLO_315,SRR10951765_NODE_1527_length_2551_cov_26.063301
ANELLO_316,SRR10951765_NODE_1602_length_2400_cov_11.561194
ANELLO_317,SRR5681842_NODE_1_length_3126_cov_21.182355
ANELLO_318,SRR5681769_NODE_1_length_2523_cov_21.696648
ANELLO_319,SRR5681754_NODE_1_length_3547_cov_18.992507
ANELLO_320,SRR5681874_NODE_1_length_3098_cov_22.587885
ANELLO_321,DRR140178_NODE_3_length_2980_cov_15.155556
ANELLO_322,DRR140176_NODE_16_length_2971_cov_27.877572
ANELLO_323,DRR140173_NODE_7_length_3255_cov_37.166562
ANELLO_324,DRR140173_NODE_9_length_2971_cov_5.776749
ANELLO_325,DRR140166_NODE_29_length_3221_cov_21.650032
ANELLO_326,SRR7166790_NODE_15_length_2961_cov_57.340330
ANELLO_327,SRR7167018_NODE_73_length_2969_cov_50.556280
ANELLO_328,SRR7166917_NODE_46_length_2958_cov_33.011712
ANELLO_329,SRR7166965_NODE_6_length_2904_cov_14.952615
ANELLO_330,SRR7166785_NODE_8_length_2988_cov_65.393113
ANELLO_331,SRR7167078_NODE_105_length_2960_cov_18.285370
ANELLO_332,SRR7167078_NODE_108_length_2931_cov_13.240960
ANELLO_333,SRR7167078_NODE_114_length_2879_cov_15.429533
ANELLO_334,SRR7167073_NODE_69_length_2955_cov_7.834828
ANELLO_335,SRR7167022_NODE_102_length_2985_cov_44.358020
ANELLO_336,SRR7166946_NODE_3_length_2838_cov_6.518146
ANELLO_337,SRR7166772_NODE_76_length_2937_cov_66.900763
ANELLO_338,SRR7166964_NODE_8_length_2904_cov_63.308178
ANELLO_339,SRR7166829_NODE_7_length_2983_cov_66.900615
ANELLO_340,SRR7167069_NODE_13_length_2951_cov_70.687155
ANELLO_341,SRR7166925_NODE_42_length_2904_cov_58.497367
ANELLO_342,SRR7166890_NODE_17_length_2931_cov_65.936718
ANELLO_343,SRR6316203_NODE_11_length_2895_cov_70.984155
ANELLO_344,SRR6316203_NODE_13_length_2867_cov_116.671053
ANELLO_345,SRR6316270_NODE_7_length_2996_cov_70.928596
ANELLO_346,SRR6316217_NODE_7_length_2931_cov_33.439847
ANELLO_347,SRR6316217_NODE_8_length_2906_cov_82.379165
ANELLO_348,SRR6316304_NODE_6_length_3241_cov_72.867232
ANELLO_349,SRR6316247_NODE_13_length_2823_cov_74.446171
ANELLO_350,SRR6316292_NODE_1_length_3780_cov_167.220403
ANELLO_351,SRR6316292_NODE_2_length_3768_cov_87.457312
ANELLO_352,SRR6316240_NODE_20_length_2891_cov_43.022920
ANELLO_353,SRR6316202_NODE_13_length_2856_cov_4.798286
ANELLO_354,SRR8862009_NODE_1_length_3851_cov_77.878293
ANELLO_355,SRR8862005_NODE_7_length_2998_cov_82.991845
ANELLO_356,SRR8862005_NODE_11_length_2934_cov_85.055575
ANELLO_357,SRR8862010_NODE_45_length_2827_cov_84.727633
ANELLO_358,SRR2037085_NODE_9021_length_2020_cov_141.921120
ANELLO_359,SRR2037085_NODE_8590_length_2090_cov_2.353317
ANELLO_360,SRR2037085_NODE_8547_length_2097_cov_110.214985
ANELLO_361,SRR2037085_NODE_8262_length_2144_cov_71.843466
ANELLO_362,SRR2037085_NODE_7460_length_2291_cov_72.102862
ANELLO_363,SRR2037085_NODE_6819_length_2436_cov_11.142377
ANELLO_364,SRR2037085_NODE_6615_length_2476_cov_27.154895
ANELLO_365,SRR2037085_NODE_6570_length_2482_cov_73.878039
ANELLO_366,SRR2037085_NODE_6534_length_2490_cov_4.544148
ANELLO_367,SRR2037085_NODE_6391_length_2518_cov_9.021112
ANELLO_368,SRR2037085_NODE_5504_length_2766_cov_17.601623
ANELLO_369,SRR2037085_NODE_5475_length_2775_cov_31.245588
ANELLO_370,SRR2037085_NODE_5209_length_2855_cov_76.235714
ANELLO_371,SRR2037085_NODE_4855_length_2977_cov_118.125257
ANELLO_372,SRR2037085_NODE_5404_length_2798_cov_9.382793
ANELLO_373,SRR2037085_NODE_8640_length_2081_cov_56.280849
ANELLO_374,SRR2037085_NODE_8639_length_2081_cov_63.640178
ANELLO_375,SRR2037085_NODE_8523_length_2102_cov_3.588666
ANELLO_376,SRR2037085_NODE_8414_length_2121_cov_17.912875
ANELLO_377,SRR2037085_NODE_7975_length_2196_cov_3.409155
ANELLO_378,SRR2037085_NODE_7941_length_2203_cov_15.886406
ANELLO_379,SRR2037085_NODE_7456_length_2292_cov_5.023692
ANELLO_380,SRR2037085_NODE_7354_length_2310_cov_72.803104
ANELLO_381,SRR2037085_NODE_6879_length_2422_cov_14.829742
ANELLO_382,SRR2037085_NODE_6827_length_2434_cov_20.583438
ANELLO_383,SRR2037085_NODE_8723_length_2067_cov_4.818091
ANELLO_384,SRR2037085_NODE_8922_length_2035_cov_5.154545
ANELLO_385,SRR2037085_NODE_9045_length_2016_cov_26.444161
ANELLO_386,SRR2037085_NODE_9022_length_2020_cov_96.247328
ANELLO_387,SRR2037085_NODE_9013_length_2021_cov_65.726857
ANELLO_388,SRR2037085_NODE_8994_length_2025_cov_4.394924
ANELLO_389,SRR2037085_NODE_8911_length_2037_cov_84.607972
ANELLO_390,SRR2037085_NODE_6722_length_2456_cov_42.191587
ANELLO_391,SRR2037085_NODE_6030_length_2614_cov_177.803439
ANELLO_392,SRR2037085_NODE_5224_length_2850_cov_32.351342
ANELLO_393,SRR2037085_NODE_5210_length_2855_cov_36.480714
ANELLO_394,SRR2037085_NODE_5119_length_2885_cov_83.151590
ANELLO_395,SRR6316308_NODE_18_length_2379_cov_28.745697
ANELLO_396,SRR6316308_NODE_3_length_3287_cov_16.329208
ANELLO_397,SRR6316308_NODE_19_length_2055_cov_4.562000
ANELLO_398,SRR10951765_NODE_1327_length_3022_cov_35.271655
ANELLO_399,SRR10951765_NODE_1788_length_2079_cov_11.845356
ANELLO_400,SRR6316221_NODE_17_length_2896_cov_17.302006
ANELLO_401,SRR5681747_NODE_1_length_2233_cov_22.184137
ANELLO_402,SRR6316302_NODE_4_length_3037_cov_13.554661
ANELLO_403,SRR6316316_NODE_9_length_3062_cov_20.530096
ANELLO_404,SRR6316316_NODE_8_length_3194_cov_53.073590
ANELLO_405,DRR140173_NODE_17_length_2149_cov_2.801815
ANELLO_406,DRR140174_NODE_16_length_2050_cov_2.710777
ANELLO_407,DRR140174_NODE_17_length_2022_cov_3.572445
ANELLO_408,DRR140164_NODE_14_length_2856_cov_68.948947
ANELLO_409,DRR140164_NODE_16_length_2777_cov_67.632256
ANELLO_410,DRR140164_NODE_21_length_2086_cov_4.342688
ANELLO_411,DRR140175_NODE_1_length_2099_cov_2.462329
ANELLO_412,SRR6316294_NODE_5_length_2979_cov_87.448358
ANELLO_413,SRR6316294_NODE_3_length_3104_cov_89.526402
ANELLO_414,SRR6316304_NODE_1_length_3708_cov_80.838489
ANELLO_415,SRR6316304_NODE_14_length_2741_cov_8.661579
ANELLO_416,SRR8862009_NODE_8_length_2867_cov_6.887269
ANELLO_417,SRR7166809_NODE_1_length_2005_cov_3.933333
ANELLO_418,SRR2037083_NODE_1170_length_3202_cov_56.081665
ANELLO_419,SRR2037083_NODE_1365_length_2864_cov_58.646493
ANELLO_420,SRR2037083_NODE_1382_length_2836_cov_30.440489
ANELLO_421,SRR2037083_NODE_1462_length_2730_cov_37.754019
ANELLO_422,SRR2037083_NODE_1490_length_2690_cov_40.173435
ANELLO_423,SRR2037083_NODE_1507_length_2667_cov_70.631317
ANELLO_424,SRR2037083_NODE_1591_length_2556_cov_24.097961
ANELLO_425,SRR2037083_NODE_1645_length_2508_cov_7.536894
ANELLO_426,SRR2037083_NODE_1952_length_2217_cov_62.767345
ANELLO_427,SRR2037084_NODE_786_length_2746_cov_69.568190
ANELLO_428,SRR2037084_NODE_790_length_2735_cov_21.825000
ANELLO_429,SRR2037084_NODE_797_length_2706_cov_13.245190
ANELLO_430,SRR2037084_NODE_837_length_2590_cov_95.954241
ANELLO_431,SRR2037084_NODE_898_length_2480_cov_70.987216
ANELLO_432,SRR2037085_NODE_5069_length_2899_cov_36.403305
ANELLO_433,SRR2037085_NODE_5337_length_2819_cov_91.842981
ANELLO_434,SRR2037085_NODE_5417_length_2795_cov_90.720438
ANELLO_435,SRR2037085_NODE_5425_length_2794_cov_87.050383
ANELLO_436,SRR2037085_NODE_5559_length_2752_cov_70.022618
ANELLO_437,SRR2037085_NODE_5588_length_2743_cov_85.325893
ANELLO_438,SRR2037085_NODE_5626_length_2730_cov_101.305794
ANELLO_439,SRR2037085_NODE_5654_length_2721_cov_91.711553
ANELLO_440,SRR2037085_NODE_5742_length_2696_cov_64.060962
ANELLO_441,SRR2037085_NODE_6007_length_2623_cov_7.630841
ANELLO_442,SRR2037085_NODE_6018_length_2618_cov_4.453765
ANELLO_443,SRR2037085_NODE_6210_length_2563_cov_90.692982
ANELLO_444,SRR2037085_NODE_6297_length_2542_cov_3.851628
ANELLO_445,SRR2037085_NODE_6353_length_2528_cov_4.317833
ANELLO_446,SRR2037085_NODE_6439_length_2507_cov_53.873165
ANELLO_447,SRR2037085_NODE_6476_length_2500_cov_4.964417
ANELLO_448,SRR2037085_NODE_6487_length_2497_cov_20.082310
ANELLO_449,SRR2037085_NODE_6499_length_2494_cov_55.443624
ANELLO_450,SRR2037085_NODE_6533_length_2490_cov_12.678439
ANELLO_451,SRR2037085_NODE_6550_length_2487_cov_36.356908
ANELLO_452,SRR2037085_NODE_6558_length_2485_cov_58.619753
ANELLO_453,SRR2037085_NODE_6592_length_2479_cov_53.312294
ANELLO_454,SRR2037085_NODE_6604_length_2478_cov_13.554684
ANELLO_455,SRR6316247_NODE_10_length_3024_cov_31.725497
ANELLO_456,SRR6316247_NODE_11_length_3008_cov_51.863867
ANELLO_457,SRR6316247_NODE_12_length_3007_cov_35.627710
ANELLO_458,SRR6316247_NODE_14_length_2513_cov_8.879984
ANELLO_459,SRR6316211_NODE_18_length_3782_cov_102.643145
ANELLO_460,SRR6316211_NODE_20_length_3704_cov_82.605371
ANELLO_461,SRR6316211_NODE_22_length_3300_cov_79.293991
ANELLO_462,SRR6316211_NODE_23_length_3159_cov_81.674936
ANELLO_463,SRR6316299_NODE_14_length_3888_cov_56.440125
ANELLO_464,SRR6316236_NODE_3_length_2976_cov_8.485108
ANELLO_465,SRR6316245_NODE_1_length_3961_cov_146.739119
ANELLO_466,SRR6316245_NODE_8_length_2940_cov_87.467244
ANELLO_467,SRR6316245_NODE_9_length_2930_cov_49.341217
ANELLO_468,SRR6316245_NODE_11_length_2783_cov_9.301686
ANELLO_469,SRR6316245_NODE_16_length_2582_cov_11.481994
ANELLO_470,SRR6316245_NODE_19_length_2398_cov_6.469910
ANELLO_471,SRR6316245_NODE_21_length_2130_cov_72.326747
ANELLO_472,SRR6316240_NODE_1_length_3725_cov_120.698638
ANELLO_473,SRR6316240_NODE_3_length_3708_cov_107.435806
ANELLO_474,SRR6316240_NODE_4_length_3548_cov_90.202977
ANELLO_475,SRR6316240_NODE_9_length_3194_cov_94.862058
ANELLO_476,SRR6316240_NODE_10_length_3183_cov_110.953964
ANELLO_477,SRR6316240_NODE_11_length_3178_cov_94.861671
ANELLO_478,SRR6316240_NODE_12_length_3105_cov_80.321311
ANELLO_479,SRR6316240_NODE_13_length_3104_cov_86.507379
ANELLO_480,SRR6316240_NODE_17_length_3001_cov_45.647658
ANELLO_481,SRR6316240_NODE_22_length_2758_cov_5.453570
ANELLO_482,SRR6316240_NODE_23_length_2687_cov_12.549012
ANELLO_483,SRR6316284_NODE_6_length_3587_cov_67.845130
ANELLO_484,SRR6316284_NODE_11_length_2885_cov_6.932862
ANELLO_485,SRR6316284_NODE_12_length_2781_cov_10.159574
ANELLO_486,SRR6316306_NODE_1_length_3674_cov_14.859353
ANELLO_487,SRR6316306_NODE_3_length_2940_cov_12.525823
ANELLO_488,SRR6316307_NODE_2_length_3562_cov_86.799829
ANELLO_489,SRR6316307_NODE_3_length_3485_cov_82.086006
ANELLO_490,SRR6316307_NODE_5_length_3005_cov_10.122373
ANELLO_491,SRR6316307_NODE_7_length_2855_cov_28.441786
ANELLO_492,SRR6316294_NODE_1_length_3685_cov_127.424793
ANELLO_493,SRR6316294_NODE_2_length_3554_cov_63.491569
ANELLO_494,SRR2037085_NODE_6565_length_2484_cov_27.446274
ANELLO_495,SRR2037085_NODE_6579_length_2481_cov_19.707749
ANELLO_496,SRR2037085_NODE_6586_length_2480_cov_6.567423
ANELLO_497,SRR2037085_NODE_6587_length_2480_cov_6.510515
ANELLO_498,SRR2037085_NODE_6607_length_2477_cov_24.983485
ANELLO_499,SRR2037085_NODE_6619_length_2475_cov_59.180579
ANELLO_500,SRR2037085_NODE_6624_length_2474_cov_35.030591
ANELLO_501,SRR2037085_NODE_6625_length_2474_cov_14.947086
ANELLO_502,SRR2037085_NODE_6636_length_2473_cov_4.480562
ANELLO_503,SRR2037085_NODE_6643_length_2471_cov_22.883278
ANELLO_504,SRR2037085_NODE_6659_length_2468_cov_81.523415
ANELLO_505,SRR2037085_NODE_6668_length_2466_cov_94.021153
ANELLO_506,SRR2037085_NODE_6669_length_2466_cov_68.447947
ANELLO_507,SRR2037085_NODE_6672_length_2466_cov_30.081709
ANELLO_508,SRR2037085_NODE_6689_length_2463_cov_93.828073
ANELLO_509,SRR2037085_NODE_6691_length_2463_cov_51.582641
ANELLO_510,SRR2037085_NODE_6695_length_2463_cov_13.318522
ANELLO_511,SRR2037085_NODE_6704_length_2462_cov_4.831325
ANELLO_512,SRR2037085_NODE_6716_length_2459_cov_6.049085
ANELLO_513,SRR2037085_NODE_6719_length_2457_cov_81.484180
ANELLO_514,SRR2037085_NODE_6789_length_2442_cov_29.776288
ANELLO_515,SRR2037085_NODE_6798_length_2441_cov_5.411567
ANELLO_516,SRR2037085_NODE_6804_length_2439_cov_79.070889
ANELLO_517,SRR2037085_NODE_6805_length_2439_cov_9.224413
ANELLO_518,SRR2037085_NODE_6829_length_2434_cov_6.817150
ANELLO_519,SRR2037085_NODE_6833_length_2433_cov_12.544996
ANELLO_520,SRR2037085_NODE_6834_length_2433_cov_12.127418
ANELLO_521,SRR2037085_NODE_6881_length_2422_cov_10.355302
ANELLO_522,SRR2037085_NODE_6895_length_2418_cov_109.406263
ANELLO_523,SRR2037085_NODE_6955_length_2405_cov_7.004255
ANELLO_524,SRR2037085_NODE_7023_length_2387_cov_12.205403
ANELLO_525,SRR2037085_NODE_7091_length_2369_cov_9.802939
ANELLO_526,SRR2037085_NODE_7098_length_2368_cov_4.104194
ANELLO_527,SRR2037085_NODE_7468_length_2290_cov_4.539597
ANELLO_528,SRR2037085_NODE_7531_length_2279_cov_92.072392
ANELLO_529,SRR2037085_NODE_7877_length_2215_cov_4.762963
ANELLO_530,SRR2037085_NODE_8039_length_2184_cov_5.918741
ANELLO_531,SRR2037085_NODE_8055_length_2181_cov_5.339605
ANELLO_532,SRR2037085_NODE_8406_length_2122_cov_78.820997
ANELLO_533,SRR2037085_NODE_8719_length_2068_cov_3.507700
ANELLO_534,SRR2037083_NODE_1273_length_2990_cov_48.493015
ANELLO_535,SRR2037083_NODE_1361_length_2876_cov_25.887629
ANELLO_536,SRR2037084_NODE_681_length_2974_cov_16.957177
ANELLO_537,SRR2037084_NODE_732_length_2866_cov_30.284952
ANELLO_538,SRR2037085_NODE_4938_length_2949_cov_33.502764
ANELLO_539,SRR2037085_NODE_5187_length_2862_cov_9.523691
ANELLO_540,SRR2037085_NODE_5331_length_2820_cov_17.338879
ANELLO_541,DRR140177_NODE_1_length_3678_cov_70.810102
ANELLO_542,DRR140176_NODE_17_length_2904_cov_34.833977
ANELLO_543,DRR140173_NODE_2_length_3631_cov_34.511465
ANELLO_544,DRR140173_NODE_3_length_3530_cov_28.738417
ANELLO_545,DRR140173_NODE_4_length_3525_cov_11.912104
ANELLO_546,DRR140173_NODE_5_length_3452_cov_26.448042
ANELLO_547,DRR140173_NODE_14_length_2503_cov_7.160131
ANELLO_548,DRR140173_NODE_16_length_2430_cov_3.621053
ANELLO_549,DRR140162_NODE_1_length_3711_cov_21.721554
ANELLO_550,DRR140166_NODE_22_length_3833_cov_69.879831
ANELLO_551,DRR140166_NODE_32_length_3100_cov_14.850903
ANELLO_552,DRR140166_NODE_36_length_3035_cov_19.979195
ANELLO_553,DRR140166_NODE_54_length_2692_cov_11.335988
ANELLO_554,DRR140174_NODE_1_length_3735_cov_52.895924
ANELLO_555,DRR140174_NODE_4_length_3208_cov_10.860450
ANELLO_556,DRR140174_NODE_9_length_2891_cov_8.941467
ANELLO_557,DRR140174_NODE_12_length_2681_cov_5.626047
ANELLO_558,DRR140164_NODE_2_length_3763_cov_101.018878
ANELLO_559,DRR140164_NODE_4_length_3432_cov_16.625111
ANELLO_560,DRR140164_NODE_5_length_3330_cov_37.998473
ANELLO_561,DRR140164_NODE_6_length_3329_cov_13.258094
ANELLO_562,DRR140164_NODE_11_length_2936_cov_13.587296
ANELLO_563,DRR140164_NODE_13_length_2885_cov_7.748410
ANELLO_564,DRR140164_NODE_17_length_2724_cov_19.928438
ANELLO_565,DRR140165_NODE_22_length_3550_cov_2.654077
ANELLO_566,DRR140165_NODE_26_length_3447_cov_10.801297
ANELLO_567,DRR140165_NODE_31_length_3263_cov_10.585100
ANELLO_568,DRR140165_NODE_38_length_3006_cov_9.291088
ANELLO_569,DRR140165_NODE_41_length_2939_cov_34.928918
ANELLO_570,DRR140165_NODE_49_length_2854_cov_18.827081
ANELLO_571,SRR7166790_NODE_13_length_3662_cov_6.588301
ANELLO_572,SRR7167018_NODE_55_length_3579_cov_86.450908
ANELLO_573,SRR7167018_NODE_56_length_3575_cov_139.847727
ANELLO_574,SRR7167018_NODE_60_length_3471_cov_68.322892
ANELLO_575,SRR7167010_NODE_6_length_2569_cov_9.571997
ANELLO_576,SRR7167076_NODE_1_length_2823_cov_4.215318
ANELLO_577,SRR7167030_NODE_11_length_3840_cov_73.389696
ANELLO_578,SRR7166877_NODE_24_length_3132_cov_5.864153
ANELLO_579,SRR7166877_NODE_44_length_2009_cov_15.385363
ANELLO_580,SRR7166822_NODE_5_length_3790_cov_80.230522
ANELLO_581,SRR7167078_NODE_60_length_3947_cov_36.576310
ANELLO_582,SRR7167078_NODE_69_length_3587_cov_80.255096
ANELLO_583,SRR7167078_NODE_70_length_3587_cov_40.278596
ANELLO_584,SRR7167078_NODE_76_length_3490_cov_27.117322
ANELLO_585,SRR7167078_NODE_86_length_3272_cov_51.069941
ANELLO_586,SRR7167078_NODE_94_length_3150_cov_30.646204
ANELLO_587,SRR7167078_NODE_98_length_3036_cov_80.675277
ANELLO_588,SRR7167078_NODE_100_length_3025_cov_78.103030
ANELLO_589,SRR7167078_NODE_106_length_2933_cov_31.732453
ANELLO_590,SRR7167078_NODE_107_length_2931_cov_22.772601
ANELLO_591,SRR7167078_NODE_110_length_2905_cov_8.075088
ANELLO_592,SRR7167078_NODE_112_length_2890_cov_50.232099
ANELLO_593,SRR7167078_NODE_113_length_2881_cov_12.172328
ANELLO_594,SRR6316304_NODE_2_length_3647_cov_145.614699
ANELLO_595,SRR6316304_NODE_5_length_3549_cov_86.955924
ANELLO_596,SRR6316304_NODE_8_length_2960_cov_24.762823
ANELLO_597,SRR6316304_NODE_10_length_2940_cov_7.337262
ANELLO_598,SRR6316259_NODE_1_length_3428_cov_151.636525
ANELLO_599,SRR6316209_NODE_21_length_3898_cov_133.309654
ANELLO_600,SRR6316209_NODE_22_length_3832_cov_93.900715
ANELLO_601,SRR6316209_NODE_24_length_3620_cov_170.080785
ANELLO_602,SRR6316209_NODE_27_length_3587_cov_56.054360
ANELLO_603,SRR6316209_NODE_30_length_3386_cov_67.234764
ANELLO_604,SRR6316209_NODE_32_length_3382_cov_47.680794
ANELLO_605,SRR6316209_NODE_42_length_2949_cov_14.519005
ANELLO_606,SRR6316209_NODE_43_length_2939_cov_46.293689
ANELLO_607,SRR6316209_NODE_47_length_2906_cov_19.961768
ANELLO_608,SRR6316209_NODE_54_length_2757_cov_71.932272
ANELLO_609,SRR6316207_NODE_1_length_3739_cov_134.608306
ANELLO_610,SRR6316207_NODE_2_length_3601_cov_109.047377
ANELLO_611,SRR6316207_NODE_4_length_3081_cov_6.231328
ANELLO_612,SRR6316207_NODE_7_length_2996_cov_25.170690
ANELLO_613,SRR6316207_NODE_13_length_2455_cov_18.075000
ANELLO_614,SRR6316199_NODE_1_length_3219_cov_11.170670
ANELLO_615,SRR6316199_NODE_2_length_3002_cov_21.148965
ANELLO_616,SRR6316318_NODE_3_length_3701_cov_12.586396
ANELLO_617,SRR6316247_NODE_5_length_3782_cov_85.972900
ANELLO_618,SRR6316247_NODE_6_length_3313_cov_79.948435
ANELLO_619,SRR6316247_NODE_7_length_3312_cov_39.893460
ANELLO_620,SRR2037083_NODE_1299_length_2956_cov_74.297139
ANELLO_621,SRR2037084_NODE_1060_length_2186_cov_90.650868
ANELLO_622,SRR2037084_NODE_1174_length_2002_cov_73.260914
ANELLO_623,SRR2037084_NODE_1170_length_2005_cov_86.154359
ANELLO_624,SRR2037084_NODE_1122_length_2090_cov_106.247666
ANELLO_625,SRR2037084_NODE_843_length_2569_cov_120.618536
ANELLO_626,SRR2037084_NODE_738_length_2859_cov_201.148003
ANELLO_627,SRR2037084_NODE_645_length_3100_cov_70.402299
ANELLO_628,SRR2037084_NODE_561_length_3458_cov_70.612107
ANELLO_629,SRR2037084_NODE_836_length_2591_cov_42.450315
ANELLO_630,SRR2037084_NODE_938_length_2421_cov_112.087489
ANELLO_631,SRR2037084_NODE_1018_length_2270_cov_112.797291
ANELLO_632,SRR6316241_NODE_4_length_3695_cov_28.177747
ANELLO_633,SRR6316209_NODE_40_length_3040_cov_108.131993
ANELLO_634,SRR6316209_NODE_38_length_3090_cov_100.966063
ANELLO_635,SRR6316307_NODE_8_length_2837_cov_77.074766
ANELLO_636,SRR6316257_NODE_24_length_2402_cov_38.764806
ANELLO_637,SRR6316270_NODE_13_length_2674_cov_9.095074
ANELLO_638,SRR6316270_NODE_10_length_2884_cov_25.665960
ANELLO_639,SRR6316298_NODE_12_length_3080_cov_91.942149
ANELLO_640,SRR6316298_NODE_13_length_3073_cov_96.504307
ANELLO_641,SRR6316298_NODE_20_length_2793_cov_3.283784
ANELLO_642,SRR6316298_NODE_23_length_2579_cov_13.225040
ANELLO_643,SRR6316298_NODE_30_length_2179_cov_5.241996
ANELLO_644,SRR6316298_NODE_26_length_2449_cov_12.883876
ANELLO_645,SRR6316286_NODE_8_length_2462_cov_134.302451
ANELLO_646,SRR6316286_NODE_6_length_2825_cov_25.510108
ANELLO_647,SRR6316233_NODE_32_length_2374_cov_4.364812
ANELLO_648,SRR6316233_NODE_15_length_2959_cov_142.645661
ANELLO_649,SRR6316240_NODE_2_length_3724_cov_116.537204
ANELLO_650,SRR6316240_NODE_27_length_2401_cov_73.482523
ANELLO_651,SRR6316240_NODE_24_length_2686_cov_15.265298
ANELLO_652,SRR6316231_NODE_1_length_3716_cov_91.620869
ANELLO_653,SRR6316217_NODE_3_length_3475_cov_86.058187
ANELLO_654,SRR6316245_NODE_12_length_2782_cov_11.342134
ANELLO_655,SRR6316245_NODE_13_length_2760_cov_66.080961
ANELLO_656,SRR6316245_NODE_3_length_3051_cov_111.323431
ANELLO_657,SRR6316245_NODE_18_length_2419_cov_11.156091
ANELLO_658,SRR6316203_NODE_17_length_2851_cov_30.766452
ANELLO_659,SRR6316203_NODE_14_length_2865_cov_79.112811
ANELLO_660,SRR6316207_NODE_3_length_3597_cov_46.462168
ANELLO_661,DRR140166_NODE_96_length_2072_cov_54.308379
ANELLO_662,SRR8862005_NODE_16_length_2029_cov_205.534954
ANELLO_663,SRR8862005_NODE_5_length_3055_cov_110.440667
ANELLO_664,SRR8862005_NODE_13_length_2307_cov_176.821492
ANELLO_665,SRR7166860_NODE_1_length_2940_cov_63.382322
ANELLO_666,SRR8862010_NODE_60_length_2506_cov_59.886577
ANELLO_667,SRR8862010_NODE_59_length_2509_cov_84.676447
ANELLO_668,SRR8862010_NODE_52_length_2568_cov_86.424990
ANELLO_669,DRR140165_NODE_60_length_2497_cov_4.358313
ANELLO_670,DRR140165_NODE_40_length_2982_cov_63.126751
ANELLO_671,SRR2037085_NODE_6632_length_2473_cov_18.833333
ANELLO_672,SRR2037085_NODE_6648_length_2470_cov_6.712629
ANELLO_673,SRR2037085_NODE_6706_length_2461_cov_80.141313
ANELLO_674,SRR2037085_NODE_6720_length_2457_cov_10.979184
ANELLO_675,SRR2037085_NODE_6794_length_2441_cov_14.093043
ANELLO_676,SRR2037085_NODE_7100_length_2367_cov_6.026384
ANELLO_677,SRR2037085_NODE_8987_length_2026_cov_14.149670
ANELLO_678,SRR2037083_NODE_1326_length_2925_cov_44.226132
ANELLO_679,SRR2037085_NODE_4998_length_2925_cov_88.376655
ANELLO_680,DRR140166_NODE_60_length_2632_cov_8.199069
ANELLO_681,DRR140166_NODE_99_length_2031_cov_6.637652
ANELLO_682,DRR140164_NODE_18_length_2515_cov_14.467073
ANELLO_683,SRR7166790_NODE_18_length_2803_cov_47.978894
ANELLO_684,SRR7166883_NODE_12_length_2402_cov_65.199403
ANELLO_685,SRR7166752_NODE_1_length_2745_cov_20.236431
ANELLO_686,SRR7166772_NODE_78_length_2820_cov_9.428571
ANELLO_687,SRR7166991_NODE_18_length_2765_cov_16.967897
ANELLO_688,SRR7167026_NODE_12_length_2802_cov_63.408082
ANELLO_689,SRR6316241_NODE_7_length_2826_cov_72.388668
ANELLO_690,SRR6316203_NODE_9_length_3018_cov_80.558218
ANELLO_691,SRR6316270_NODE_12_length_2676_cov_4.975200
ANELLO_692,SRR6316221_NODE_11_length_3187_cov_7.182950
ANELLO_693,SRR6316209_NODE_53_length_2761_cov_62.072432
ANELLO_694,SRR7167078_NODE_115_length_2863_cov_8.553419
ANELLO_695,SRR7167078_NODE_117_length_2845_cov_87.398925
ANELLO_696,SRR7167078_NODE_119_length_2844_cov_9.391180
ANELLO_697,SRR7167078_NODE_126_length_2732_cov_5.985058
ANELLO_698,SRR7167078_NODE_129_length_2717_cov_11.590158
ANELLO_699,SRR7167078_NODE_133_length_2666_cov_33.724627
ANELLO_700,SRR7167078_NODE_138_length_2635_cov_4.973643
ANELLO_701,SRR7167078_NODE_139_length_2615_cov_32.800391
ANELLO_702,SRR7167078_NODE_144_length_2541_cov_30.696702
ANELLO_703,SRR7167078_NODE_148_length_2502_cov_16.600736
ANELLO_704,SRR7167078_NODE_150_length_2498_cov_79.879247
ANELLO_705,SRR7166766_NODE_46_length_3699_cov_77.451701
ANELLO_706,SRR7166926_NODE_53_length_3661_cov_35.669994
ANELLO_707,SRR7166762_NODE_21_length_3612_cov_61.297442
ANELLO_708,SRR7166762_NODE_22_length_3522_cov_35.503317
ANELLO_709,SRR7166762_NODE_30_length_2873_cov_3.689141
ANELLO_710,SRR7167022_NODE_78_length_3801_cov_97.524026
ANELLO_711,SRR7167022_NODE_112_length_2767_cov_4.774336
ANELLO_712,SRR7166916_NODE_37_length_3040_cov_7.535008
ANELLO_713,SRR7166916_NODE_38_length_3031_cov_12.832661
ANELLO_714,SRR7166916_NODE_41_length_2985_cov_39.165188
ANELLO_715,SRR7166946_NODE_2_length_3467_cov_6.056272
ANELLO_716,SRR7166943_NODE_1_length_3711_cov_81.121718
ANELLO_717,SRR7166884_NODE_17_length_3495_cov_108.462791
ANELLO_718,SRR7166992_NODE_29_length_2753_cov_69.702743
ANELLO_719,SRR7166831_NODE_27_length_3692_cov_19.002750
ANELLO_720,SRR7167031_NODE_75_length_2309_cov_66.908607
ANELLO_721,SRR7166961_NODE_44_length_3723_cov_26.549346
ANELLO_722,SRR7166826_NODE_11_length_3553_cov_16.740995
ANELLO_723,SRR7166826_NODE_20_length_2511_cov_2.880700
ANELLO_724,SRR7166826_NODE_23_length_2307_cov_7.345027
ANELLO_725,SRR7166940_NODE_4_length_3638_cov_57.223835
ANELLO_726,SRR7166824_NODE_10_length_3069_cov_7.016921
ANELLO_727,SRR7166924_NODE_62_length_3639_cov_24.140625
ANELLO_728,SRR7166769_NODE_89_length_3675_cov_81.935912
ANELLO_729,SRR7166769_NODE_99_length_3238_cov_63.412190
ANELLO_730,SRR7166769_NODE_103_length_3018_cov_41.243672
ANELLO_731,SRR7166769_NODE_106_length_2971_cov_5.852881
ANELLO_732,SRR7166769_NODE_118_length_2722_cov_7.362955
ANELLO_733,SRR7166758_NODE_3_length_3623_cov_10.653868
ANELLO_734,SRR7166865_NODE_11_length_2799_cov_13.776968
ANELLO_735,SRR7166851_NODE_3_length_3737_cov_21.990494
ANELLO_736,SRR7166770_NODE_76_length_3786_cov_81.768427
ANELLO_737,SRR7166791_NODE_72_length_3725_cov_81.930245
ANELLO_738,SRR7166791_NODE_91_length_2982_cov_23.078579
ANELLO_739,SRR7166791_NODE_102_length_2664_cov_4.042162
ANELLO_740,SRR7167079_NODE_51_length_2529_cov_15.462005
ANELLO_741,SRR7167047_NODE_1_length_3772_cov_23.273070
ANELLO_742,SRR7166951_NODE_74_length_3231_cov_77.257557
ANELLO_743,SRR7166956_NODE_273_length_2696_cov_9.297236
ANELLO_744,SRR6316257_NODE_1_length_3730_cov_82.653061
ANELLO_745,SRR6316257_NODE_2_length_3639_cov_106.760603
ANELLO_746,SRR6316257_NODE_3_length_3639_cov_85.776228
ANELLO_747,SRR6316257_NODE_4_length_3530_cov_85.716835
ANELLO_748,SRR6316257_NODE_6_length_3308_cov_82.280049
ANELLO_749,SRR6316257_NODE_8_length_3121_cov_93.873777
ANELLO_750,SRR6316257_NODE_11_length_3021_cov_122.907283
ANELLO_751,SRR6316257_NODE_13_length_3012_cov_94.086236
ANELLO_752,SRR6316257_NODE_15_length_2951_cov_24.847376
ANELLO_753,SRR6316257_NODE_16_length_2915_cov_109.848601
ANELLO_754,SRR6316257_NODE_17_length_2883_cov_8.485502
ANELLO_755,SRR6316257_NODE_18_length_2878_cov_79.112646
ANELLO_756,SRR6316257_NODE_20_length_2564_cov_98.375050
ANELLO_757,SRR6316257_NODE_22_length_2487_cov_40.159128
ANELLO_758,SRR6316257_NODE_25_length_2033_cov_124.514156
ANELLO_759,SRR6316286_NODE_1_length_3840_cov_124.134478
ANELLO_760,SRR6316286_NODE_2_length_3677_cov_83.024848
ANELLO_761,SRR6316286_NODE_4_length_3247_cov_111.284148
ANELLO_762,SRR6316286_NODE_7_length_2742_cov_6.004466
ANELLO_763,SRR6316273_NODE_1_length_3822_cov_83.579772
ANELLO_764,SRR6316203_NODE_6_length_3480_cov_79.819270
ANELLO_765,SRR6316203_NODE_8_length_3174_cov_47.011863
ANELLO_766,SRR6316203_NODE_12_length_2893_cov_8.642001
ANELLO_767,SRR6316203_NODE_18_length_2827_cov_7.550505
ANELLO_768,SRR6316203_NODE_21_length_2799_cov_14.858965
ANELLO_769,SRR6316203_NODE_23_length_2671_cov_9.772171
ANELLO_770,SRR6316270_NODE_2_length_3659_cov_65.988624
ANELLO_771,SRR6316270_NODE_4_length_3078_cov_104.518359
ANELLO_772,SRR6316270_NODE_6_length_3044_cov_21.549682
ANELLO_773,SRR6316270_NODE_11_length_2700_cov_4.344423
ANELLO_774,SRR6316217_NODE_5_length_3121_cov_63.307241
ANELLO_775,SRR6316217_NODE_10_length_2628_cov_4.882627
ANELLO_776,SRR6316221_NODE_4_length_3803_cov_78.500267
ANELLO_777,SRR6316221_NODE_5_length_3785_cov_62.206971
ANELLO_778,SRR6316221_NODE_6_length_3765_cov_100.254717
ANELLO_779,SRR6316221_NODE_7_length_3753_cov_89.302326
ANELLO_780,SRR6316221_NODE_8_length_3558_cov_51.971168
ANELLO_781,SRR6316221_NODE_9_length_3220_cov_94.750711
ANELLO_782,SRR6316221_NODE_10_length_3194_cov_106.491239
ANELLO_783,SRR6316221_NODE_14_length_2933_cov_23.670605
ANELLO_784,SRR6316221_NODE_16_length_2904_cov_63.788698
ANELLO_785,SRR6316221_NODE_19_length_2809_cov_9.297749
ANELLO_786,SRR6316221_NODE_20_length_2788_cov_5.750823
ANELLO_787,SRR6316231_NODE_5_length_2969_cov_25.452299
ANELLO_788,SRR6316256_NODE_10_length_3858_cov_129.282146
ANELLO_789,SRR6316256_NODE_14_length_3075_cov_42.787086
ANELLO_790,SRR6316207_NODE_12_length_2779_cov_48.574890
ANELLO_791,SRR6316236_NODE_4_length_2819_cov_43.773878
ANELLO_792,SRR6316245_NODE_15_length_2680_cov_6.999619
ANELLO_793,SRR6316240_NODE_21_length_2811_cov_83.797170
ANELLO_794,SRR6316213_NODE_20_length_2746_cov_19.237830
ANELLO_795,SRR6316298_NODE_24_length_2533_cov_5.045601
ANELLO_796,SRR6316205_NODE_5_length_2717_cov_3.722389
ANELLO_797,SRR8862010_NODE_32_length_3070_cov_115.447098
ANELLO_798,SRR8862010_NODE_34_length_3014_cov_110.107131
ANELLO_799,SRR8862010_NODE_42_length_2856_cov_106.722242
ANELLO_800,SRR8862010_NODE_64_length_2346_cov_4.369271
ANELLO_801,DRR140178_NODE_2_length_3218_cov_68.303193
ANELLO_802,SRR7167016_NODE_82_length_2959_cov_9.615702
ANELLO_803,SRR7167010_NODE_4_length_2876_cov_8.654378
ANELLO_804,SRR8862010_NODE_37_length_2960_cov_22.746299
ANELLO_805,SRR2037085_NODE_5362_length_2811_cov_85.208636
ANELLO_806,SRR2037085_NODE_5372_length_2808_cov_101.667999
ANELLO_807,SRR2037085_NODE_6486_length_2497_cov_24.029894
ANELLO_808,SRR2037085_NODE_6489_length_2496_cov_57.763212
ANELLO_809,SRR2037085_NODE_6693_length_2463_cov_25.809801
ANELLO_810,SRR2037085_NODE_6800_length_2440_cov_66.693082
ANELLO_811,SRR2037085_NODE_6858_length_2428_cov_10.542773
ANELLO_812,SRR2037085_NODE_7436_length_2297_cov_3.397413
ANELLO_813,SRR2037085_NODE_8847_length_2049_cov_3.725176
ANELLO_814,SRR2037085_NODE_5516_length_2761_cov_61.444568
ANELLO_815,SRR2037085_NODE_5571_length_2749_cov_25.869710
ANELLO_816,SRR2037085_NODE_6472_length_2500_cov_75.105930
ANELLO_817,SRR2037083_NODE_1633_length_2517_cov_10.383834
ANELLO_818,SRR6316307_NODE_11_length_2774_cov_5.688488
ANELLO_819,SRR6316233_NODE_23_length_2869_cov_50.130775
ANELLO_820,SRR6316233_NODE_30_length_2683_cov_81.135845
ANELLO_821,SRR6316217_NODE_9_length_2878_cov_100.842366
ANELLO_822,SRR6316245_NODE_14_length_2725_cov_13.095131
ANELLO_823,SRR6316203_NODE_22_length_2783_cov_74.114003
ANELLO_824,SRR8862010_NODE_43_length_2847_cov_128.392550
ANELLO_825,SRR6316226_NODE_12_length_2217_cov_4.133210
ANELLO_826,DRR140174_NODE_15_length_2415_cov_2.727119
ANELLO_827,DRR140161_NODE_1_length_2687_cov_6.011778
ANELLO_828,SRR6316304_NODE_15_length_2650_cov_5.996146
ANELLO_829,SRR5681814_NODE_1_length_2643_cov_22.722136
